,Accuracy,F1,Sensitivity,Specificity
Random Forest,0.9971870604781997,0.9971871610902635,0,0
