,Accuracy,F1,Sensitivity,Specificity
Decision Tree,0.369901547116737,0.3655037907391286,0,0
