,Accuracy,F1,Sensitivity,Specificity
Decision Tree,0.7313642756680732,0.7322262919269379,0,0
