,Accuracy,F1,Sensitivity,Specificity
Random Forest,0.3689639006094702,0.3671074387456498,0,0
