,Accuracy,F1,Sensitivity,Specificity
Random Forest,0.9953117674636662,0.9953120300754631,0,0
