,Accuracy,F1,Sensitivity,Specificity
Random Forest,0.4317862165963432,0.42805821468785765,0,0
