,Accuracy,F1,Sensitivity,Specificity
Decision Tree,0.27332395686826066,0.26985085356056765,0,0
