,Accuracy,F1,Sensitivity,Specificity
Random Forest,0.9949345715491769,0.994934377640994,0,0
