,Accuracy,F1,Sensitivity,Specificity
Decision Tree,0.9949345715491769,0.9949350971721044,0,0
