,Accuracy,F1,Sensitivity,Specificity
Random Forest,0.7871542428504453,0.7887932760551271,0,0
