{"jsd_0.5_gn_confusion_matrix": {"confusion_matrix": {"Spyware": {"Spyware": 822, "Adware": 262}, "Adware": {"Spyware": 0, "Adware": 51}, "Not Labeled": {"Spyware": 10, "Adware": 66}}, "Spyware": {"sensitivity": 0.7583025830258303, "specificity": 0.9212598425196851, "accuracy": 0.7753922378199835, "f1_score": 0.8580375782881002}, "Adware": {"sensitivity": 1.0, "specificity": 0.7172413793103448, "accuracy": 0.7291494632535095, "f1_score": 0.2372093023255814}}, "jsd_0.5_louvain_confusion_matrix": {"confusion_matrix": {"Spyware": {"Spyware": 155, "Adware": 23}, "Adware": {"Spyware": 0, "Adware": 47}, "Not Labeled": {"Spyware": 677, "Adware": 309}}, "Spyware": {"sensitivity": 0.8707865168539326, "specificity": 0.34462729912875123, "accuracy": 0.42196531791907516, "f1_score": 0.306930693069307}, "Adware": {"sensitivity": 1.0, "specificity": 0.7147766323024055, "accuracy": 0.7258464079273328, "f1_score": 0.22065727699530516}}, "jsd_1.5_gn_confusion_matrix": {"confusion_matrix": {"Spyware": {"Spyware": 828, "Adware": 277}, "Adware": {"Spyware": 4, "Adware": 51}, "Not Labeled": {"Spyware": 0, "Adware": 51}}, "Spyware": {"sensitivity": 0.7493212669683258, "specificity": 0.9622641509433962, "accuracy": 0.7679603633360859, "f1_score": 0.8549303045947342}, "Adware": {"sensitivity": 0.9272727272727272, "specificity": 0.7162629757785467, "accuracy": 0.7258464079273328, "f1_score": 0.2350230414746544}}, "jsd_1.5_louvain_confusion_matrix": {"confusion_matrix": {"Spyware": {"Spyware": 156, "Adware": 33}, "Adware": {"Spyware": 29, "Adware": 89}, "Not Labeled": {"Spyware": 647, "Adware": 257}}, "Spyware": {"sensitivity": 0.8253968253968254, "specificity": 0.3385518590998043, "accuracy": 0.41453344343517756, "f1_score": 0.3055827619980412}, "Adware": {"sensitivity": 0.7542372881355932, "specificity": 0.7346752058554438, "accuracy": 0.7365813377374071, "f1_score": 0.358148893360161}}, "jsd_1_gn_confusion_matrix": {"confusion_matrix": {"Spyware": {"Spyware": 830, "Adware": 293}, "Adware": {"Spyware": 0, "Adware": 51}, "Not Labeled": {"Spyware": 2, "Adware": 35}}, "Spyware": {"sensitivity": 0.7390917186108638, "specificity": 0.9772727272727273, "accuracy": 0.7563996696944674, "f1_score": 0.8491048593350384}, "Adware": {"sensitivity": 1.0, "specificity": 0.7172413793103448, "accuracy": 0.7291494632535095, "f1_score": 0.2372093023255814}}, "jsd_1_louvain_confusion_matrix": {"confusion_matrix": {"Spyware": {"Spyware": 190, "Adware": 45}, "Adware": {"Spyware": 35, "Adware": 46}, "Not Labeled": {"Spyware": 607, "Adware": 288}}, "Spyware": {"sensitivity": 0.8085106382978723, "specificity": 0.3422131147540984, "accuracy": 0.43270024772914945, "f1_score": 0.3561387066541705}, "Adware": {"sensitivity": 0.5679012345679012, "specificity": 0.7053097345132744, "accuracy": 0.6961189099917423, "f1_score": 0.2}}, "jsd_2_gn_confusion_matrix": {"confusion_matrix": {"Spyware": {"Spyware": 727, "Adware": 274}, "Adware": {"Spyware": 0, "Adware": 51}, "Not Labeled": {"Spyware": 105, "Adware": 54}}, "Spyware": {"sensitivity": 0.7262737262737263, "specificity": 0.5, "accuracy": 0.6870355078447564, "f1_score": 0.7932351336606657}, "Adware": {"sensitivity": 1.0, "specificity": 0.7172413793103448, "accuracy": 0.7291494632535095, "f1_score": 0.2372093023255814}}, "jsd_2_louvain_confusion_matrix": {"confusion_matrix": {"Spyware": {"Spyware": 178, "Adware": 23}, "Adware": {"Spyware": 13, "Adware": 71}, "Not Labeled": {"Spyware": 641, "Adware": 285}}, "Spyware": {"sensitivity": 0.8855721393034826, "specificity": 0.35247524752475246, "accuracy": 0.44095788604459124, "f1_score": 0.34462729912875123}, "Adware": {"sensitivity": 0.8452380952380952, "specificity": 0.7267080745341615, "accuracy": 0.7349298100743188, "f1_score": 0.306695464362851}}, "jsd_mst_gn_confusion_matrix": {"confusion_matrix": {"Spyware": {"Spyware": 485, "Adware": 172}, "Adware": {"Spyware": 0, "Adware": 0}, "Not Labeled": {"Spyware": 347, "Adware": 207}}, "Spyware": {"sensitivity": 0.7382039573820396, "specificity": 0.37364620938628157, "accuracy": 0.5714285714285714, "f1_score": 0.6514439220953661}, "Adware": {"sensitivity": NaN, "specificity": 0.6870355078447564, "accuracy": 0.6870355078447564, "f1_score": NaN}}, "jsd_mst_louvain_confusion_matrix": {"confusion_matrix": {"Spyware": {"Spyware": 50, "Adware": 17}, "Adware": {"Spyware": 14, "Adware": 50}, "Not Labeled": {"Spyware": 768, "Adware": 312}}, "Spyware": {"sensitivity": 0.746268656716418, "specificity": 0.31643356643356646, "accuracy": 0.34021469859620146, "f1_score": 0.11123470522803114}, "Adware": {"sensitivity": 0.78125, "specificity": 0.7131647776809067, "accuracy": 0.7167630057803468, "f1_score": 0.22573363431151242}}, "kld_0.5_gn_confusion_matrix": {"confusion_matrix": {"Spyware": {"Spyware": 821, "Adware": 344}, "Adware": {"Spyware": 0, "Adware": 28}, "Not Labeled": {"Spyware": 11, "Adware": 7}}, "Spyware": {"sensitivity": 0.7047210300429184, "specificity": 0.7608695652173914, "accuracy": 0.7068538398018167, "f1_score": 0.8222333500250375}, "Adware": {"sensitivity": 1.0, "specificity": 0.7032967032967034, "accuracy": 0.7101568951279934, "f1_score": 0.1375921375921376}}, "kld_0.5_louvain_confusion_matrix": {"confusion_matrix": {"Spyware": {"Spyware": 240, "Adware": 57}, "Adware": {"Spyware": 21, "Adware": 25}, "Not Labeled": {"Spyware": 571, "Adware": 297}}, "Spyware": {"sensitivity": 0.8080808080808081, "specificity": 0.3522975929978118, "accuracy": 0.4640792733278282, "f1_score": 0.4251550044286979}, "Adware": {"sensitivity": 0.5434782608695652, "specificity": 0.696137339055794, "accuracy": 0.6903385631709331, "f1_score": 0.11764705882352941}}, "kld_1.5_gn_confusion_matrix": {"confusion_matrix": {"Spyware": {"Spyware": 831, "Adware": 351}, "Adware": {"Spyware": 1, "Adware": 28}, "Not Labeled": {"Spyware": 0, "Adware": 0}}, "Spyware": {"sensitivity": 0.7030456852791879, "specificity": 0.9655172413793104, "accuracy": 0.7093311312964492, "f1_score": 0.8252234359483616}, "Adware": {"sensitivity": 0.9655172413793104, "specificity": 0.7030456852791879, "accuracy": 0.7093311312964492, "f1_score": 0.13725490196078433}}, "kld_1.5_louvain_confusion_matrix": {"confusion_matrix": {"Spyware": {"Spyware": 349, "Adware": 119}, "Adware": {"Spyware": 95, "Adware": 108}, "Not Labeled": {"Spyware": 388, "Adware": 152}}, "Spyware": {"sensitivity": 0.7457264957264957, "specificity": 0.34993270524899056, "accuracy": 0.5028901734104047, "f1_score": 0.5369230769230771}, "Adware": {"sensitivity": 0.5320197044334976, "specificity": 0.7311507936507936, "accuracy": 0.6977704376548307, "f1_score": 0.3711340206185567}}, "kld_1_gn_confusion_matrix": {"confusion_matrix": {"Spyware": {"Spyware": 831, "Adware": 351}, "Adware": {"Spyware": 1, "Adware": 28}, "Not Labeled": {"Spyware": 0, "Adware": 0}}, "Spyware": {"sensitivity": 0.7030456852791879, "specificity": 0.9655172413793104, "accuracy": 0.7093311312964492, "f1_score": 0.8252234359483616}, "Adware": {"sensitivity": 0.9655172413793104, "specificity": 0.7030456852791879, "accuracy": 0.7093311312964492, "f1_score": 0.13725490196078433}}, "kld_1_louvain_confusion_matrix": {"confusion_matrix": {"Spyware": {"Spyware": 237, "Adware": 129}, "Adware": {"Spyware": 39, "Adware": 55}, "Not Labeled": {"Spyware": 556, "Adware": 195}}, "Spyware": {"sensitivity": 0.6475409836065574, "specificity": 0.2958579881656805, "accuracy": 0.40214698596201487, "f1_score": 0.39565943238731216}, "Adware": {"sensitivity": 0.5851063829787234, "specificity": 0.7099373321396598, "accuracy": 0.7002477291494632, "f1_score": 0.23255813953488372}}, "kld_2_gn_confusion_matrix": {"confusion_matrix": {"Spyware": {"Spyware": 829, "Adware": 351}, "Adware": {"Spyware": 3, "Adware": 28}, "Not Labeled": {"Spyware": 0, "Adware": 0}}, "Spyware": {"sensitivity": 0.7025423728813559, "specificity": 0.9032258064516129, "accuracy": 0.7076796036333609, "f1_score": 0.8240556660039762}, "Adware": {"sensitivity": 0.9032258064516129, "specificity": 0.7025423728813559, "accuracy": 0.7076796036333609,