,,Logistic Regression,K-Nearest Neighbors,Decision Tree,Random Forest
og_dataset,Accuracy,0.3499366821443647,0.6606162937948501,0.9949345715491769,0.9949345715491769
og_dataset,F1,0.3395925308752873,0.6571038613035968,0.9949350971721044,0.994934377640994
ml_datasets\jsd_0_5_gn_dataset.csv,Accuracy,0.369901547116737,0.6572902015939991,0.9971870604781997,0.9953117674636662
ml_datasets\jsd_0_5_gn_dataset.csv,F1,0.3605514841400457,0.6529539328777851,0.9971860290015296,0.9953106589977911
ml_datasets\jsd_0_5_louvain_dataset.csv,Accuracy,0.3239568682606657,0.5039849976558838,0.7365213314580403,0.7927801218940459
ml_datasets\jsd_0_5_louvain_dataset.csv,F1,0.29758619177060186,0.5038167605978942,0.7370167493698779,0.7936902109926458
jsd_0_5_gn_dataset,Accuracy,0.369901547116737,0.6572902015939991,0.9971870604781997,0.9971870604781997
jsd_0_5_gn_dataset,F1,0.3605514841400457,0.6529539328777851,0.9971860290015296,0.9971871610902635
jsd_0_5_louvain_dataset,Accuracy,0.3239568682606657,0.5039849976558838,0.7313642756680732,0.7871542428504453
jsd_0_5_louvain_dataset,F1,0.29758619177060186,0.5038167605978942,0.7322262919269379,0.7887932760551271
jsd_mst_gn_dataset,Accuracy,0.360056258790436,0.6568213783403657,0.9971870604781997,0.9957805907172996
jsd_mst_gn_dataset,F1,0.3499645450580176,0.6523678205830497,0.9971860290015296,0.9957799369577586
jsd_mst_louvain_dataset,Accuracy,0.17346460384435067,0.23394280356305672,0.369901547116737,0.4317862165963432
jsd_mst_louvain_dataset,F1,0.14412380131707644,0.22393144097039208,0.3655037907391286,0.42805821468785765
kld_mst_gn_dataset,Accuracy,0.3652133145804032,0.6572902015939991,0.9971870604781997,0.9953117674636662
kld_mst_gn_dataset,F1,0.3571214414344731,0.6528500115364954,0.9971860290015296,0.9953120300754631
kld_mst_louvain_dataset,Accuracy,0.25035161744022505,0.23347398030942335,0.27332395686826066,0.3689639006094702
kld_mst_louvain_dataset,F1,0.23140235096039433,0.23160709183141204,0.26985085356056765,0.3671074387456498
