,Accuracy,F1,Sensitivity,Specificity
Random Forest,0.9957805907172996,0.9957799369577586,0,0
