,Accuracy,F1,Sensitivity,Specificity
Decision Tree,0.9971870604781997,0.9971860290015296,0,0
